face_detect_module/0/training_01518.jpg;0
face_detect_module/0/training_01519.jpg;0
face_detect_module/0/training_01520.jpg;0
face_detect_module/0/training_01521.jpg;0
face_detect_module/0/training_01522.jpg;0
face_detect_module/0/training_01523.jpg;0
face_detect_module/0/training_01524.jpg;0
face_detect_module/0/training_01525.jpg;0
face_detect_module/0/training_01526.jpg;0
face_detect_module/0/training_01527.jpg;0
face_detect_module/0/training_01528.jpg;0
face_detect_module/0/training_01529.jpg;0
face_detect_module/0/training_01530.jpg;0
face_detect_module/0/training_01531.jpg;0
face_detect_module/0/training_01532.jpg;0
face_detect_module/0/training_01533.jpg;0
face_detect_module/0/training_01534.jpg;0
face_detect_module/0/training_01535.jpg;0
face_detect_module/0/training_01536.jpg;0
face_detect_module/0/training_00000.jpg;0
face_detect_module/0/training_00001.jpg;0
face_detect_module/0/training_00002.jpg;0
face_detect_module/0/training_00003.jpg;0
face_detect_module/0/training_00004.jpg;0
face_detect_module/0/training_00005.jpg;0
face_detect_module/0/training_00006.jpg;0
face_detect_module/0/training_00007.jpg;0
face_detect_module/0/training_00008.jpg;0
face_detect_module/0/training_00009.jpg;0
face_detect_module/0/training_00010.jpg;0
face_detect_module/0/training_00011.jpg;0
face_detect_module/0/training_00012.jpg;0
face_detect_module/0/training_00013.jpg;0
face_detect_module/0/training_00014.jpg;0
face_detect_module/0/training_00015.jpg;0
face_detect_module/0/training_00016.jpg;0
face_detect_module/0/training_00017.jpg;0
face_detect_module/0/training_00018.jpg;0
face_detect_module/0/training_00019.jpg;0
face_detect_module/0/training_00020.jpg;0
face_detect_module/0/training_00021.jpg;0
face_detect_module/0/training_00022.jpg;0
face_detect_module/0/training_00023.jpg;0
face_detect_module/0/training_00024.jpg;0
face_detect_module/0/training_00025.jpg;0
face_detect_module/0/training_00026.jpg;0
face_detect_module/0/training_00027.jpg;0
face_detect_module/0/training_00028.jpg;0
face_detect_module/0/training_00029.jpg;0
face_detect_module/0/training_00030.jpg;0
face_detect_module/0/training_00031.jpg;0
face_detect_module/0/training_00032.jpg;0
face_detect_module/0/training_00033.jpg;0
face_detect_module/0/training_00034.jpg;0
face_detect_module/0/training_00035.jpg;0
face_detect_module/0/training_00036.jpg;0
face_detect_module/0/training_00037.jpg;0
face_detect_module/0/training_00038.jpg;0
face_detect_module/0/training_00039.jpg;0
face_detect_module/0/training_00040.jpg;0
face_detect_module/0/training_00041.jpg;0
face_detect_module/0/training_00042.jpg;0
face_detect_module/0/training_00043.jpg;0
face_detect_module/0/training_00044.jpg;0
face_detect_module/0/training_00045.jpg;0
face_detect_module/0/training_00046.jpg;0
face_detect_module/0/training_00047.jpg;0
face_detect_module/0/training_00048.jpg;0
face_detect_module/0/training_00049.jpg;0
face_detect_module/0/training_00050.jpg;0
face_detect_module/0/training_00051.jpg;0
face_detect_module/0/training_00052.jpg;0
face_detect_module/0/training_00053.jpg;0
face_detect_module/0/training_00054.jpg;0
face_detect_module/0/training_00055.jpg;0
face_detect_module/0/training_00056.jpg;0
face_detect_module/0/training_00057.jpg;0
face_detect_module/0/training_00058.jpg;0
face_detect_module/0/training_00059.jpg;0
face_detect_module/0/training_00060.jpg;0
face_detect_module/0/training_00061.jpg;0
face_detect_module/0/training_00062.jpg;0
face_detect_module/0/training_00063.jpg;0
face_detect_module/0/training_00064.jpg;0
face_detect_module/0/training_00065.jpg;0
face_detect_module/0/training_00066.jpg;0
face_detect_module/0/training_00067.jpg;0
face_detect_module/0/training_00068.jpg;0
face_detect_module/0/training_00069.jpg;0
face_detect_module/0/training_00070.jpg;0
face_detect_module/0/training_00071.jpg;0
face_detect_module/0/training_00072.jpg;0
face_detect_module/0/training_00073.jpg;0
face_detect_module/0/training_00074.jpg;0
face_detect_module/0/training_00075.jpg;0
face_detect_module/0/training_00076.jpg;0
face_detect_module/0/training_00077.jpg;0
face_detect_module/0/training_00078.jpg;0
face_detect_module/0/training_00079.jpg;0
face_detect_module/0/training_00080.jpg;0
face_detect_module/0/training_00081.jpg;0
face_detect_module/0/training_00082.jpg;0
face_detect_module/0/training_00083.jpg;0
face_detect_module/0/training_00084.jpg;0
face_detect_module/0/training_00085.jpg;0
face_detect_module/0/training_00086.jpg;0
face_detect_module/0/training_00087.jpg;0
face_detect_module/0/training_00088.jpg;0
face_detect_module/0/training_00089.jpg;0
face_detect_module/0/training_00090.jpg;0
face_detect_module/0/training_00091.jpg;0
face_detect_module/0/training_00092.jpg;0
face_detect_module/0/training_00093.jpg;0
face_detect_module/0/training_00094.jpg;0
face_detect_module/0/training_00095.jpg;0
face_detect_module/0/training_01503.jpg;0
face_detect_module/0/training_01504.jpg;0
face_detect_module/0/training_01505.jpg;0
face_detect_module/0/training_01506.jpg;0
face_detect_module/0/training_01507.jpg;0
face_detect_module/0/training_01508.jpg;0
face_detect_module/0/training_01509.jpg;0
face_detect_module/0/training_01510.jpg;0
face_detect_module/0/training_01511.jpg;0
face_detect_module/0/training_01512.jpg;0
face_detect_module/0/training_01513.jpg;0
face_detect_module/0/training_01514.jpg;0
face_detect_module/0/training_01515.jpg;0
face_detect_module/0/training_01516.jpg;0
face_detect_module/0/training_01517.jpg;0
face_detect_module/1/training_00213.jpg;1
face_detect_module/1/training_00214.jpg;1
face_detect_module/1/training_00215.jpg;1
face_detect_module/1/training_00216.jpg;1
face_detect_module/1/training_00217.jpg;1
face_detect_module/1/training_00218.jpg;1
face_detect_module/1/training_00219.jpg;1
face_detect_module/1/training_00220.jpg;1
face_detect_module/1/training_00221.jpg;1
face_detect_module/1/training_00222.jpg;1
face_detect_module/1/training_00223.jpg;1
face_detect_module/1/training_00224.jpg;1
face_detect_module/1/training_00225.jpg;1
face_detect_module/1/training_00226.jpg;1
face_detect_module/1/training_00227.jpg;1
face_detect_module/1/training_00228.jpg;1
face_detect_module/1/training_00229.jpg;1
face_detect_module/1/training_00230.jpg;1
face_detect_module/1/training_00231.jpg;1
face_detect_module/1/training_00232.jpg;1
face_detect_module/1/training_00233.jpg;1
face_detect_module/1/training_00234.jpg;1
face_detect_module/1/training_00235.jpg;1
face_detect_module/1/training_00236.jpg;1
face_detect_module/1/training_00237.jpg;1
face_detect_module/1/training_00238.jpg;1
face_detect_module/1/training_00239.jpg;1
face_detect_module/1/training_00242.jpg;1
face_detect_module/1/training_00243.jpg;1
face_detect_module/1/training_00244.jpg;1
face_detect_module/1/training_00245.jpg;1
face_detect_module/1/training_00246.jpg;1
face_detect_module/1/training_00247.jpg;1
face_detect_module/1/training_00248.jpg;1
face_detect_module/1/training_00249.jpg;1
face_detect_module/1/training_00250.jpg;1
face_detect_module/1/training_00251.jpg;1
face_detect_module/1/training_00252.jpg;1
face_detect_module/1/training_00253.jpg;1
face_detect_module/1/training_00254.jpg;1
face_detect_module/1/training_00255.jpg;1
face_detect_module/1/training_00256.jpg;1
face_detect_module/1/training_00257.jpg;1
face_detect_module/1/training_00096.jpg;1
face_detect_module/1/training_00097.jpg;1
face_detect_module/1/training_00098.jpg;1
face_detect_module/1/training_00099.jpg;1
face_detect_module/1/training_00100.jpg;1
face_detect_module/1/training_00101.jpg;1
face_detect_module/1/training_00102.jpg;1
face_detect_module/1/training_00103.jpg;1
face_detect_module/1/training_00104.jpg;1
face_detect_module/1/training_00105.jpg;1
face_detect_module/1/training_00106.jpg;1
face_detect_module/1/training_00107.jpg;1
face_detect_module/1/training_00108.jpg;1
face_detect_module/1/training_00109.jpg;1
face_detect_module/1/training_00110.jpg;1
face_detect_module/1/training_00111.jpg;1
face_detect_module/1/training_00112.jpg;1
face_detect_module/1/training_00113.jpg;1
face_detect_module/1/training_00114.jpg;1
face_detect_module/1/training_00115.jpg;1
face_detect_module/1/training_00116.jpg;1
face_detect_module/1/training_00117.jpg;1
face_detect_module/1/training_00118.jpg;1
face_detect_module/1/training_00119.jpg;1
face_detect_module/1/training_00120.jpg;1
face_detect_module/1/training_00121.jpg;1
face_detect_module/1/training_00122.jpg;1
face_detect_module/1/training_00123.jpg;1
face_detect_module/1/training_00124.jpg;1
face_detect_module/1/training_00125.jpg;1
face_detect_module/1/training_00126.jpg;1
face_detect_module/1/training_00127.jpg;1
face_detect_module/1/training_00128.jpg;1
face_detect_module/1/training_00129.jpg;1
face_detect_module/1/training_00130.jpg;1
face_detect_module/1/training_00131.jpg;1
face_detect_module/1/training_00132.jpg;1
face_detect_module/1/training_00138.jpg;1
face_detect_module/1/training_00139.jpg;1
face_detect_module/1/training_00140.jpg;1
face_detect_module/1/training_00141.jpg;1
face_detect_module/1/training_00142.jpg;1
face_detect_module/1/training_00143.jpg;1
face_detect_module/1/training_00144.jpg;1
face_detect_module/1/training_00145.jpg;1
face_detect_module/1/training_00146.jpg;1
face_detect_module/1/training_00147.jpg;1
face_detect_module/1/training_00148.jpg;1
face_detect_module/1/training_00149.jpg;1
face_detect_module/1/training_00150.jpg;1
face_detect_module/1/training_00151.jpg;1
face_detect_module/1/training_00152.jpg;1
face_detect_module/1/training_00153.jpg;1
face_detect_module/1/training_00154.jpg;1
face_detect_module/1/training_00155.jpg;1
face_detect_module/1/training_00156.jpg;1
face_detect_module/1/training_00157.jpg;1
face_detect_module/1/training_00158.jpg;1
face_detect_module/1/training_00159.jpg;1
face_detect_module/1/training_00160.jpg;1
face_detect_module/1/training_00161.jpg;1
face_detect_module/1/training_00162.jpg;1
face_detect_module/1/training_00163.jpg;1
face_detect_module/1/training_00164.jpg;1
face_detect_module/1/training_00165.jpg;1
face_detect_module/1/training_00166.jpg;1
face_detect_module/1/training_00167.jpg;1
face_detect_module/1/training_00169.jpg;1
face_detect_module/1/training_00170.jpg;1
face_detect_module/1/training_00171.jpg;1
face_detect_module/1/training_00172.jpg;1
face_detect_module/1/training_00173.jpg;1
face_detect_module/1/training_00174.jpg;1
face_detect_module/1/training_00175.jpg;1
face_detect_module/1/training_00176.jpg;1
face_detect_module/1/training_00177.jpg;1
face_detect_module/1/training_00178.jpg;1
face_detect_module/1/training_00179.jpg;1
face_detect_module/1/training_00180.jpg;1
face_detect_module/1/training_00181.jpg;1
face_detect_module/1/training_00182.jpg;1
face_detect_module/1/training_00183.jpg;1
face_detect_module/1/training_00184.jpg;1
face_detect_module/1/training_00185.jpg;1
face_detect_module/1/training_00186.jpg;1
face_detect_module/1/training_00187.jpg;1
face_detect_module/1/training_00188.jpg;1
face_detect_module/1/training_00189.jpg;1
face_detect_module/1/training_00190.jpg;1
face_detect_module/1/training_00191.jpg;1
face_detect_module/1/training_00192.jpg;1
face_detect_module/1/training_00193.jpg;1
face_detect_module/1/training_00194.jpg;1
face_detect_module/1/training_00195.jpg;1
face_detect_module/1/training_00196.jpg;1
face_detect_module/1/training_00197.jpg;1
face_detect_module/1/training_00198.jpg;1
face_detect_module/1/training_00199.jpg;1
face_detect_module/1/training_00200.jpg;1
face_detect_module/1/training_00201.jpg;1
face_detect_module/1/training_00202.jpg;1
face_detect_module/1/training_00203.jpg;1
face_detect_module/1/training_00204.jpg;1
face_detect_module/1/training_00205.jpg;1
face_detect_module/1/training_00206.jpg;1
face_detect_module/1/training_00207.jpg;1
face_detect_module/1/training_00208.jpg;1
face_detect_module/1/training_00209.jpg;1
face_detect_module/1/training_00210.jpg;1
face_detect_module/1/training_00211.jpg;1
face_detect_module/1/training_00212.jpg;1
face_detect_module/2/training_00369.jpg;2
face_detect_module/2/training_00370.jpg;2
face_detect_module/2/training_00373.jpg;2
face_detect_module/2/training_00375.jpg;2
face_detect_module/2/training_00376.jpg;2
face_detect_module/2/training_00377.jpg;2
face_detect_module/2/training_00378.jpg;2
face_detect_module/2/training_00379.jpg;2
face_detect_module/2/training_00380.jpg;2
face_detect_module/2/training_00381.jpg;2
face_detect_module/2/training_00382.jpg;2
face_detect_module/2/training_00383.jpg;2
face_detect_module/2/training_00384.jpg;2
face_detect_module/2/training_00385.jpg;2
face_detect_module/2/training_00388.jpg;2
face_detect_module/2/training_00389.jpg;2
face_detect_module/2/training_00390.jpg;2
face_detect_module/2/training_00391.jpg;2
face_detect_module/2/training_00392.jpg;2
face_detect_module/2/training_00393.jpg;2
face_detect_module/2/training_00394.jpg;2
face_detect_module/2/training_00395.jpg;2
face_detect_module/2/training_00396.jpg;2
face_detect_module/2/training_00397.jpg;2
face_detect_module/2/training_00398.jpg;2
face_detect_module/2/training_00399.jpg;2
face_detect_module/2/training_00400.jpg;2
face_detect_module/2/training_00401.jpg;2
face_detect_module/2/training_00402.jpg;2
face_detect_module/2/training_00403.jpg;2
face_detect_module/2/training_00404.jpg;2
face_detect_module/2/training_00258.jpg;2
face_detect_module/2/training_00259.jpg;2
face_detect_module/2/training_00260.jpg;2
face_detect_module/2/training_00261.jpg;2
face_detect_module/2/training_00262.jpg;2
face_detect_module/2/training_00263.jpg;2
face_detect_module/2/training_00264.jpg;2
face_detect_module/2/training_00265.jpg;2
face_detect_module/2/training_00266.jpg;2
face_detect_module/2/training_00267.jpg;2
face_detect_module/2/training_00268.jpg;2
face_detect_module/2/training_00269.jpg;2
face_detect_module/2/training_00270.jpg;2
face_detect_module/2/training_00271.jpg;2
face_detect_module/2/training_00272.jpg;2
face_detect_module/2/training_00273.jpg;2
face_detect_module/2/training_00274.jpg;2
face_detect_module/2/training_00275.jpg;2
face_detect_module/2/training_00276.jpg;2
face_detect_module/2/training_00277.jpg;2
face_detect_module/2/training_00278.jpg;2
face_detect_module/2/training_00279.jpg;2
face_detect_module/2/training_00280.jpg;2
face_detect_module/2/training_00281.jpg;2
face_detect_module/2/training_00282.jpg;2
face_detect_module/2/training_00283.jpg;2
face_detect_module/2/training_00284.jpg;2
face_detect_module/2/training_00285.jpg;2
face_detect_module/2/training_00286.jpg;2
face_detect_module/2/training_00287.jpg;2
face_detect_module/2/training_00288.jpg;2
face_detect_module/2/training_00289.jpg;2
face_detect_module/2/training_00290.jpg;2
face_detect_module/2/training_00291.jpg;2
face_detect_module/2/training_00292.jpg;2
face_detect_module/2/training_00293.jpg;2
face_detect_module/2/training_00294.jpg;2
face_detect_module/2/training_00295.jpg;2
face_detect_module/2/training_00296.jpg;2
face_detect_module/2/training_00297.jpg;2
face_detect_module/2/training_00298.jpg;2
face_detect_module/2/training_00299.jpg;2
face_detect_module/2/training_00300.jpg;2
face_detect_module/2/training_00301.jpg;2
face_detect_module/2/training_00302.jpg;2
face_detect_module/2/training_00303.jpg;2
face_detect_module/2/training_00304.jpg;2
face_detect_module/2/training_00305.jpg;2
face_detect_module/2/training_00306.jpg;2
face_detect_module/2/training_00307.jpg;2
face_detect_module/2/training_00308.jpg;2
face_detect_module/2/training_00309.jpg;2
face_detect_module/2/training_00310.jpg;2
face_detect_module/2/training_00311.jpg;2
face_detect_module/2/training_00312.jpg;2
face_detect_module/2/training_00313.jpg;2
face_detect_module/2/training_00314.jpg;2
face_detect_module/2/training_00315.jpg;2
face_detect_module/2/training_00316.jpg;2
face_detect_module/2/training_00317.jpg;2
face_detect_module/2/training_00318.jpg;2
face_detect_module/2/training_00319.jpg;2
face_detect_module/2/training_00320.jpg;2
face_detect_module/2/training_00321.jpg;2
face_detect_module/2/training_00322.jpg;2
face_detect_module/2/training_00323.jpg;2
face_detect_module/2/training_00324.jpg;2
face_detect_module/2/training_00325.jpg;2
face_detect_module/2/training_00326.jpg;2
face_detect_module/2/training_00327.jpg;2
face_detect_module/2/training_00328.jpg;2
face_detect_module/2/training_00329.jpg;2
face_detect_module/2/training_00330.jpg;2
face_detect_module/2/training_00331.jpg;2
face_detect_module/2/training_00332.jpg;2
face_detect_module/2/training_00333.jpg;2
face_detect_module/2/training_00334.jpg;2
face_detect_module/2/training_00335.jpg;2
face_detect_module/2/training_00336.jpg;2
face_detect_module/2/training_00337.jpg;2
face_detect_module/2/training_00338.jpg;2
face_detect_module/2/training_00339.jpg;2
face_detect_module/2/training_00340.jpg;2
face_detect_module/2/training_00341.jpg;2
face_detect_module/2/training_00342.jpg;2
face_detect_module/2/training_00343.jpg;2
face_detect_module/2/training_00344.jpg;2
face_detect_module/2/training_00345.jpg;2
face_detect_module/2/training_00346.jpg;2
face_detect_module/2/training_00347.jpg;2
face_detect_module/2/training_00348.jpg;2
face_detect_module/2/training_00349.jpg;2
face_detect_module/2/training_00350.jpg;2
face_detect_module/2/training_00351.jpg;2
face_detect_module/2/training_00352.jpg;2
face_detect_module/2/training_00353.jpg;2
face_detect_module/2/training_00354.jpg;2
face_detect_module/2/training_00355.jpg;2
face_detect_module/2/training_00356.jpg;2
face_detect_module/2/training_00357.jpg;2
face_detect_module/2/training_00358.jpg;2
face_detect_module/2/training_00359.jpg;2
face_detect_module/2/training_00360.jpg;2
face_detect_module/2/training_00361.jpg;2
face_detect_module/2/training_00362.jpg;2
face_detect_module/2/training_00363.jpg;2
face_detect_module/2/training_00364.jpg;2
face_detect_module/2/training_00365.jpg;2
face_detect_module/2/training_00366.jpg;2
face_detect_module/2/training_00367.jpg;2
face_detect_module/2/training_00368.jpg;2
face_detect_module/3/training_00527.jpg;3
face_detect_module/3/training_00528.jpg;3
face_detect_module/3/training_00529.jpg;3
face_detect_module/3/training_00530.jpg;3
face_detect_module/3/training_00531.jpg;3
face_detect_module/3/training_00532.jpg;3
face_detect_module/3/training_00533.jpg;3
face_detect_module/3/training_00534.jpg;3
face_detect_module/3/training_00535.jpg;3
face_detect_module/3/training_00536.jpg;3
face_detect_module/3/training_00537.jpg;3
face_detect_module/3/training_00538.jpg;3
face_detect_module/3/training_00539.jpg;3
face_detect_module/3/training_00540.jpg;3
face_detect_module/3/training_00541.jpg;3
face_detect_module/3/training_00542.jpg;3
face_detect_module/3/training_00543.jpg;3
face_detect_module/3/training_00544.jpg;3
face_detect_module/3/training_00545.jpg;3
face_detect_module/3/training_00546.jpg;3
face_detect_module/3/training_00547.jpg;3
face_detect_module/3/training_00548.jpg;3
face_detect_module/3/training_00549.jpg;3
face_detect_module/3/training_00550.jpg;3
face_detect_module/3/training_00552.jpg;3
face_detect_module/3/training_00553.jpg;3
face_detect_module/3/training_00555.jpg;3
face_detect_module/3/training_00556.jpg;3
face_detect_module/3/training_00557.jpg;3
face_detect_module/3/training_00558.jpg;3
face_detect_module/3/training_00559.jpg;3
face_detect_module/3/training_00560.jpg;3
face_detect_module/3/training_00561.jpg;3
face_detect_module/3/training_00562.jpg;3
face_detect_module/3/training_00563.jpg;3
face_detect_module/3/training_00564.jpg;3
face_detect_module/3/training_00565.jpg;3
face_detect_module/3/training_00566.jpg;3
face_detect_module/3/training_00567.jpg;3
face_detect_module/3/training_00568.jpg;3
face_detect_module/3/training_00569.jpg;3
face_detect_module/3/training_00570.jpg;3
face_detect_module/3/training_00571.jpg;3
face_detect_module/3/training_00572.jpg;3
face_detect_module/3/training_00573.jpg;3
face_detect_module/3/training_00574.jpg;3
face_detect_module/3/training_00575.jpg;3
face_detect_module/3/training_00576.jpg;3
face_detect_module/3/training_00577.jpg;3
face_detect_module/3/training_00578.jpg;3
face_detect_module/3/training_00579.jpg;3
face_detect_module/3/training_00580.jpg;3
face_detect_module/3/training_00581.jpg;3
face_detect_module/3/training_00582.jpg;3
face_detect_module/3/training_00583.jpg;3
face_detect_module/3/training_00584.jpg;3
face_detect_module/3/training_00585.jpg;3
face_detect_module/3/training_00586.jpg;3
face_detect_module/3/training_00587.jpg;3
face_detect_module/3/training_00588.jpg;3
face_detect_module/3/training_00589.jpg;3
face_detect_module/3/training_00590.jpg;3
face_detect_module/3/training_00591.jpg;3
face_detect_module/3/training_00592.jpg;3
face_detect_module/3/training_00593.jpg;3
face_detect_module/3/training_00594.jpg;3
face_detect_module/3/training_00595.jpg;3
face_detect_module/3/training_00596.jpg;3
face_detect_module/3/training_00597.jpg;3
face_detect_module/3/training_00598.jpg;3
face_detect_module/3/training_00599.jpg;3
face_detect_module/3/training_00600.jpg;3
face_detect_module/3/training_00601.jpg;3
face_detect_module/3/training_00602.jpg;3
face_detect_module/3/training_00603.jpg;3
face_detect_module/3/training_00604.jpg;3
face_detect_module/3/training_00605.jpg;3
face_detect_module/3/training_00606.jpg;3
face_detect_module/3/training_00607.jpg;3
face_detect_module/3/training_00608.jpg;3
face_detect_module/3/training_00609.jpg;3
face_detect_module/3/training_00610.jpg;3
face_detect_module/3/training_00611.jpg;3
face_detect_module/3/training_00612.jpg;3
face_detect_module/3/training_00613.jpg;3
face_detect_module/3/training_00614.jpg;3
face_detect_module/3/training_00615.jpg;3
face_detect_module/3/training_00616.jpg;3
face_detect_module/3/training_00617.jpg;3
face_detect_module/3/training_00618.jpg;3
face_detect_module/3/training_00619.jpg;3
face_detect_module/3/training_00620.jpg;3
face_detect_module/3/training_00621.jpg;3
face_detect_module/3/training_00622.jpg;3
face_detect_module/3/training_00623.jpg;3
face_detect_module/3/training_00624.jpg;3
face_detect_module/3/training_00409.jpg;3
face_detect_module/3/training_00410.jpg;3
face_detect_module/3/training_00411.jpg;3
face_detect_module/3/training_00412.jpg;3
face_detect_module/3/training_00413.jpg;3
face_detect_module/3/training_00414.jpg;3
face_detect_module/3/training_00416.jpg;3
face_detect_module/3/training_00417.jpg;3
face_detect_module/3/training_00418.jpg;3
face_detect_module/3/training_00419.jpg;3
face_detect_module/3/training_00420.jpg;3
face_detect_module/3/training_00421.jpg;3
face_detect_module/3/training_00422.jpg;3
face_detect_module/3/training_00423.jpg;3
face_detect_module/3/training_00424.jpg;3
face_detect_module/3/training_00425.jpg;3
face_detect_module/3/training_00426.jpg;3
face_detect_module/3/training_00428.jpg;3
face_detect_module/3/training_00429.jpg;3
face_detect_module/3/training_00431.jpg;3
face_detect_module/3/training_00432.jpg;3
face_detect_module/3/training_00433.jpg;3
face_detect_module/3/training_00434.jpg;3
face_detect_module/3/training_00435.jpg;3
face_detect_module/3/training_00436.jpg;3
face_detect_module/3/training_00437.jpg;3
face_detect_module/3/training_00438.jpg;3
face_detect_module/3/training_00439.jpg;3
face_detect_module/3/training_00440.jpg;3
face_detect_module/3/training_00441.jpg;3
face_detect_module/3/training_00442.jpg;3
face_detect_module/3/training_00443.jpg;3
face_detect_module/3/training_00444.jpg;3
face_detect_module/3/training_00445.jpg;3
face_detect_module/3/training_00446.jpg;3
face_detect_module/3/training_00447.jpg;3
face_detect_module/3/training_00448.jpg;3
face_detect_module/3/training_00449.jpg;3
face_detect_module/3/training_00450.jpg;3
face_detect_module/3/training_00451.jpg;3
face_detect_module/3/training_00452.jpg;3
face_detect_module/3/training_00453.jpg;3
face_detect_module/3/training_00454.jpg;3
face_detect_module/3/training_00455.jpg;3
face_detect_module/3/training_00456.jpg;3
face_detect_module/3/training_00457.jpg;3
face_detect_module/3/training_00458.jpg;3
face_detect_module/3/training_00459.jpg;3
face_detect_module/3/training_00460.jpg;3
face_detect_module/3/training_00461.jpg;3
face_detect_module/3/training_00462.jpg;3
face_detect_module/3/training_00463.jpg;3
face_detect_module/3/training_00464.jpg;3
face_detect_module/3/training_00465.jpg;3
face_detect_module/3/training_00466.jpg;3
face_detect_module/3/training_00467.jpg;3
face_detect_module/3/training_00468.jpg;3
face_detect_module/3/training_00469.jpg;3
face_detect_module/3/training_00471.jpg;3
face_detect_module/3/training_00472.jpg;3
face_detect_module/3/training_00473.jpg;3
face_detect_module/3/training_00474.jpg;3
face_detect_module/3/training_00475.jpg;3
face_detect_module/3/training_00476.jpg;3
face_detect_module/3/training_00477.jpg;3
face_detect_module/3/training_00478.jpg;3
face_detect_module/3/training_00479.jpg;3
face_detect_module/3/training_00480.jpg;3
face_detect_module/3/training_00481.jpg;3
face_detect_module/3/training_00482.jpg;3
face_detect_module/3/training_00483.jpg;3
face_detect_module/3/training_00486.jpg;3
face_detect_module/3/training_00487.jpg;3
face_detect_module/3/training_00488.jpg;3
face_detect_module/3/training_00489.jpg;3
face_detect_module/3/training_00490.jpg;3
face_detect_module/3/training_00491.jpg;3
face_detect_module/3/training_00493.jpg;3
face_detect_module/3/training_00494.jpg;3
face_detect_module/3/training_00495.jpg;3
face_detect_module/3/training_00496.jpg;3
face_detect_module/3/training_00497.jpg;3
face_detect_module/3/training_00498.jpg;3
face_detect_module/3/training_00499.jpg;3
face_detect_module/3/training_00500.jpg;3
face_detect_module/3/training_00501.jpg;3
face_detect_module/3/training_00502.jpg;3
face_detect_module/3/training_00503.jpg;3
face_detect_module/3/training_00504.jpg;3
face_detect_module/3/training_00505.jpg;3
face_detect_module/3/training_00506.jpg;3
face_detect_module/3/training_00507.jpg;3
face_detect_module/3/training_00508.jpg;3
face_detect_module/3/training_00509.jpg;3
face_detect_module/3/training_00510.jpg;3
face_detect_module/3/training_00511.jpg;3
face_detect_module/3/training_00512.jpg;3
face_detect_module/3/training_00513.jpg;3
face_detect_module/3/training_00514.jpg;3
face_detect_module/3/training_00515.jpg;3
face_detect_module/3/training_00516.jpg;3
face_detect_module/3/training_00517.jpg;3
face_detect_module/3/training_00518.jpg;3
face_detect_module/3/training_00519.jpg;3
face_detect_module/3/training_00520.jpg;3
face_detect_module/3/training_00521.jpg;3
face_detect_module/3/training_00522.jpg;3
face_detect_module/3/training_00523.jpg;3
face_detect_module/3/training_00524.jpg;3
face_detect_module/3/training_00525.jpg;3
face_detect_module/3/training_00526.jpg;3
face_detect_module/4/training_00738.jpg;4
face_detect_module/4/training_00739.jpg;4
face_detect_module/4/training_00740.jpg;4
face_detect_module/4/training_00741.jpg;4
face_detect_module/4/training_00742.jpg;4
face_detect_module/4/training_00743.jpg;4
face_detect_module/4/training_00744.jpg;4
face_detect_module/4/training_00745.jpg;4
face_detect_module/4/training_00746.jpg;4
face_detect_module/4/training_00747.jpg;4
face_detect_module/4/training_00748.jpg;4
face_detect_module/4/training_00749.jpg;4
face_detect_module/4/training_00750.jpg;4
face_detect_module/4/training_00751.jpg;4
face_detect_module/4/training_00752.jpg;4
face_detect_module/4/training_00753.jpg;4
face_detect_module/4/training_00754.jpg;4
face_detect_module/4/training_00755.jpg;4
face_detect_module/4/training_00756.jpg;4
face_detect_module/4/training_00757.jpg;4
face_detect_module/4/training_00758.jpg;4
face_detect_module/4/training_00759.jpg;4
face_detect_module/4/training_00760.jpg;4
face_detect_module/4/training_00761.jpg;4
face_detect_module/4/training_00762.jpg;4
face_detect_module/4/training_00763.jpg;4
face_detect_module/4/training_00764.jpg;4
face_detect_module/4/training_00765.jpg;4
face_detect_module/4/training_00766.jpg;4
face_detect_module/4/training_00767.jpg;4
face_detect_module/4/training_00768.jpg;4
face_detect_module/4/training_00769.jpg;4
face_detect_module/4/training_00770.jpg;4
face_detect_module/4/training_00771.jpg;4
face_detect_module/4/training_00772.jpg;4
face_detect_module/4/training_00773.jpg;4
face_detect_module/4/training_00774.jpg;4
face_detect_module/4/training_00775.jpg;4
face_detect_module/4/training_00776.jpg;4
face_detect_module/4/training_00777.jpg;4
face_detect_module/4/training_00778.jpg;4
face_detect_module/4/training_00779.jpg;4
face_detect_module/4/training_00780.jpg;4
face_detect_module/4/training_00781.jpg;4
face_detect_module/4/training_00782.jpg;4
face_detect_module/4/training_00783.jpg;4
face_detect_module/4/training_00784.jpg;4
face_detect_module/4/training_00785.jpg;4
face_detect_module/4/training_00786.jpg;4
face_detect_module/4/training_00787.jpg;4
face_detect_module/4/training_00788.jpg;4
face_detect_module/4/training_00789.jpg;4
face_detect_module/4/training_00790.jpg;4
face_detect_module/4/training_00791.jpg;4
face_detect_module/4/training_00792.jpg;4
face_detect_module/4/training_00793.jpg;4
face_detect_module/4/training_00794.jpg;4
face_detect_module/4/training_00795.jpg;4
face_detect_module/4/training_00796.jpg;4
face_detect_module/4/training_00797.jpg;4
face_detect_module/4/training_00798.jpg;4
face_detect_module/4/training_00799.jpg;4
face_detect_module/4/training_00800.jpg;4
face_detect_module/4/training_00801.jpg;4
face_detect_module/4/training_00802.jpg;4
face_detect_module/4/training_00803.jpg;4
face_detect_module/4/training_00804.jpg;4
face_detect_module/4/training_00805.jpg;4
face_detect_module/4/training_00806.jpg;4
face_detect_module/4/training_00807.jpg;4
face_detect_module/4/training_00808.jpg;4
face_detect_module/4/training_00809.jpg;4
face_detect_module/4/training_00810.jpg;4
face_detect_module/4/training_00811.jpg;4
face_detect_module/4/training_00812.jpg;4
face_detect_module/4/training_00813.jpg;4
face_detect_module/4/training_00814.jpg;4
face_detect_module/4/training_00815.jpg;4
face_detect_module/4/training_00816.jpg;4
face_detect_module/4/training_00817.jpg;4
face_detect_module/4/training_00818.jpg;4
face_detect_module/4/training_00819.jpg;4
face_detect_module/4/training_00820.jpg;4
face_detect_module/4/training_00625.jpg;4
face_detect_module/4/training_00626.jpg;4
face_detect_module/4/training_00627.jpg;4
face_detect_module/4/training_00628.jpg;4
face_detect_module/4/training_00629.jpg;4
face_detect_module/4/training_00630.jpg;4
face_detect_module/4/training_00631.jpg;4
face_detect_module/4/training_00632.jpg;4
face_detect_module/4/training_00633.jpg;4
face_detect_module/4/training_00634.jpg;4
face_detect_module/4/training_00635.jpg;4
face_detect_module/4/training_00636.jpg;4
face_detect_module/4/training_00637.jpg;4
face_detect_module/4/training_00638.jpg;4
face_detect_module/4/training_00639.jpg;4
face_detect_module/4/training_00641.jpg;4
face_detect_module/4/training_00642.jpg;4
face_detect_module/4/training_00643.jpg;4
face_detect_module/4/training_00644.jpg;4
face_detect_module/4/training_00645.jpg;4
face_detect_module/4/training_00646.jpg;4
face_detect_module/4/training_00647.jpg;4
face_detect_module/4/training_00648.jpg;4
face_detect_module/4/training_00649.jpg;4
face_detect_module/4/training_00650.jpg;4
face_detect_module/4/training_00651.jpg;4
face_detect_module/4/training_00652.jpg;4
face_detect_module/4/training_00653.jpg;4
face_detect_module/4/training_00654.jpg;4
face_detect_module/4/training_00655.jpg;4
face_detect_module/4/training_00656.jpg;4
face_detect_module/4/training_00657.jpg;4
face_detect_module/4/training_00658.jpg;4
face_detect_module/4/training_00659.jpg;4
face_detect_module/4/training_00660.jpg;4
face_detect_module/4/training_00661.jpg;4
face_detect_module/4/training_00662.jpg;4
face_detect_module/4/training_00663.jpg;4
face_detect_module/4/training_00664.jpg;4
face_detect_module/4/training_00665.jpg;4
face_detect_module/4/training_00666.jpg;4
face_detect_module/4/training_00667.jpg;4
face_detect_module/4/training_00668.jpg;4
face_detect_module/4/training_00669.jpg;4
face_detect_module/4/training_00670.jpg;4
face_detect_module/4/training_00671.jpg;4
face_detect_module/4/training_00672.jpg;4
face_detect_module/4/training_00673.jpg;4
face_detect_module/4/training_00674.jpg;4
face_detect_module/4/training_00675.jpg;4
face_detect_module/4/training_00676.jpg;4
face_detect_module/4/training_00677.jpg;4
face_detect_module/4/training_00678.jpg;4
face_detect_module/4/training_00679.jpg;4
face_detect_module/4/training_00680.jpg;4
face_detect_module/4/training_00681.jpg;4
face_detect_module/4/training_00682.jpg;4
face_detect_module/4/training_00683.jpg;4
face_detect_module/4/training_00684.jpg;4
face_detect_module/4/training_00685.jpg;4
face_detect_module/4/training_00686.jpg;4
face_detect_module/4/training_00687.jpg;4
face_detect_module/4/training_00688.jpg;4
face_detect_module/4/training_00689.jpg;4
face_detect_module/4/training_00691.jpg;4
face_detect_module/4/training_00692.jpg;4
face_detect_module/4/training_00693.jpg;4
face_detect_module/4/training_00694.jpg;4
face_detect_module/4/training_00695.jpg;4
face_detect_module/4/training_00696.jpg;4
face_detect_module/4/training_00697.jpg;4
face_detect_module/4/training_00698.jpg;4
face_detect_module/4/training_00699.jpg;4
face_detect_module/4/training_00700.jpg;4
face_detect_module/4/training_00701.jpg;4
face_detect_module/4/training_00702.jpg;4
face_detect_module/4/training_00703.jpg;4
face_detect_module/4/training_00704.jpg;4
face_detect_module/4/training_00705.jpg;4
face_detect_module/4/training_00706.jpg;4
face_detect_module/4/training_00707.jpg;4
face_detect_module/4/training_00708.jpg;4
face_detect_module/4/training_00709.jpg;4
face_detect_module/4/training_00710.jpg;4
face_detect_module/4/training_00711.jpg;4
face_detect_module/4/training_00712.jpg;4
face_detect_module/4/training_00713.jpg;4
face_detect_module/4/training_00714.jpg;4
face_detect_module/4/training_00715.jpg;4
face_detect_module/4/training_00716.jpg;4
face_detect_module/4/training_00717.jpg;4
face_detect_module/4/training_00718.jpg;4
face_detect_module/4/training_00719.jpg;4
face_detect_module/4/training_00720.jpg;4
face_detect_module/4/training_00721.jpg;4
face_detect_module/4/training_00722.jpg;4
face_detect_module/4/training_00723.jpg;4
face_detect_module/4/training_00724.jpg;4
face_detect_module/4/training_00725.jpg;4
face_detect_module/4/training_00726.jpg;4
face_detect_module/4/training_00727.jpg;4
face_detect_module/4/training_00728.jpg;4
face_detect_module/4/training_00729.jpg;4
face_detect_module/4/training_00730.jpg;4
face_detect_module/4/training_00731.jpg;4
face_detect_module/4/training_00732.jpg;4
face_detect_module/4/training_00733.jpg;4
face_detect_module/4/training_00734.jpg;4
face_detect_module/4/training_00735.jpg;4
face_detect_module/4/training_00736.jpg;4
face_detect_module/4/training_00737.jpg;4
face_detect_module/5/training_00822.jpg;5
face_detect_module/5/training_00823.jpg;5
face_detect_module/5/training_00824.jpg;5
face_detect_module/5/training_00825.jpg;5
face_detect_module/5/training_00826.jpg;5
face_detect_module/5/training_00827.jpg;5
face_detect_module/5/training_00828.jpg;5
face_detect_module/5/training_00829.jpg;5
face_detect_module/5/training_00830.jpg;5
face_detect_module/5/training_00831.jpg;5
face_detect_module/5/training_00832.jpg;5
face_detect_module/5/training_00833.jpg;5
face_detect_module/5/training_00834.jpg;5
face_detect_module/5/training_00835.jpg;5
face_detect_module/5/training_00836.jpg;5
face_detect_module/5/training_00837.jpg;5
face_detect_module/5/training_00838.jpg;5
face_detect_module/5/training_00839.jpg;5
face_detect_module/5/training_00840.jpg;5
face_detect_module/5/training_00841.jpg;5
face_detect_module/5/training_00842.jpg;5
face_detect_module/5/training_00843.jpg;5
face_detect_module/5/training_00844.jpg;5
face_detect_module/5/training_00845.jpg;5
face_detect_module/5/training_00846.jpg;5
face_detect_module/5/training_00847.jpg;5
face_detect_module/5/training_00848.jpg;5
face_detect_module/5/training_00849.jpg;5
face_detect_module/5/training_00850.jpg;5
face_detect_module/5/training_00852.jpg;5
face_detect_module/5/training_00853.jpg;5
face_detect_module/5/training_00854.jpg;5
face_detect_module/5/training_00855.jpg;5
face_detect_module/5/training_00856.jpg;5
face_detect_module/5/training_00857.jpg;5
face_detect_module/5/training_00858.jpg;5
face_detect_module/5/training_00859.jpg;5
face_detect_module/5/training_00860.jpg;5
face_detect_module/5/training_00861.jpg;5
face_detect_module/5/training_00862.jpg;5
face_detect_module/5/training_00863.jpg;5
face_detect_module/5/training_00864.jpg;5
face_detect_module/5/training_00865.jpg;5
face_detect_module/5/training_00866.jpg;5
face_detect_module/5/training_00867.jpg;5
face_detect_module/5/training_00868.jpg;5
face_detect_module/5/training_00869.jpg;5
face_detect_module/5/training_00870.jpg;5
face_detect_module/5/training_00871.jpg;5
face_detect_module/5/training_00872.jpg;5
face_detect_module/5/training_00873.jpg;5
face_detect_module/5/training_00874.jpg;5
face_detect_module/5/training_00875.jpg;5
face_detect_module/5/training_00876.jpg;5
face_detect_module/5/training_00877.jpg;5
face_detect_module/5/training_00878.jpg;5
face_detect_module/5/training_00879.jpg;5
face_detect_module/5/training_00880.jpg;5
face_detect_module/5/training_00881.jpg;5
face_detect_module/5/training_00882.jpg;5
face_detect_module/5/training_00883.jpg;5
face_detect_module/5/training_00884.jpg;5
face_detect_module/5/training_00885.jpg;5
face_detect_module/5/training_00886.jpg;5
face_detect_module/5/training_00887.jpg;5
face_detect_module/5/training_00888.jpg;5
face_detect_module/5/training_00889.jpg;5
face_detect_module/5/training_00890.jpg;5
face_detect_module/5/training_00891.jpg;5
face_detect_module/5/training_00892.jpg;5
face_detect_module/5/training_00893.jpg;5
face_detect_module/5/training_00894.jpg;5
face_detect_module/5/training_00895.jpg;5
face_detect_module/5/training_00897.jpg;5
face_detect_module/5/training_00898.jpg;5
face_detect_module/5/training_00899.jpg;5
face_detect_module/5/training_00900.jpg;5
face_detect_module/5/training_00901.jpg;5
face_detect_module/5/training_00902.jpg;5
face_detect_module/5/training_00903.jpg;5
face_detect_module/5/training_00904.jpg;5
face_detect_module/5/training_00905.jpg;5
face_detect_module/5/training_00906.jpg;5
face_detect_module/5/training_00907.jpg;5
face_detect_module/5/training_00908.jpg;5
face_detect_module/5/training_00909.jpg;5
face_detect_module/5/training_00910.jpg;5
face_detect_module/5/training_00911.jpg;5
face_detect_module/5/training_00912.jpg;5
face_detect_module/5/training_00913.jpg;5
face_detect_module/5/training_00914.jpg;5
face_detect_module/5/training_00915.jpg;5
face_detect_module/5/training_00916.jpg;5
face_detect_module/5/training_00917.jpg;5
face_detect_module/5/training_00918.jpg;5
face_detect_module/5/training_00919.jpg;5
face_detect_module/5/training_00920.jpg;5
face_detect_module/5/training_00921.jpg;5
face_detect_module/5/training_00922.jpg;5
face_detect_module/5/training_00923.jpg;5
face_detect_module/5/training_00924.jpg;5
face_detect_module/5/training_00925.jpg;5
face_detect_module/5/training_00926.jpg;5
face_detect_module/5/training_00927.jpg;5
face_detect_module/5/training_00932.jpg;5
face_detect_module/5/training_00933.jpg;5
face_detect_module/5/training_00934.jpg;5
face_detect_module/5/training_00936.jpg;5
face_detect_module/5/training_00938.jpg;5
face_detect_module/6/training_01061.jpg;6
face_detect_module/6/training_01062.jpg;6
face_detect_module/6/training_01063.jpg;6
face_detect_module/6/training_01064.jpg;6
face_detect_module/6/training_01065.jpg;6
face_detect_module/6/training_01066.jpg;6
face_detect_module/6/training_01067.jpg;6
face_detect_module/6/training_01068.jpg;6
face_detect_module/6/training_01069.jpg;6
face_detect_module/6/training_01070.jpg;6
face_detect_module/6/training_01071.jpg;6
face_detect_module/6/training_01072.jpg;6
face_detect_module/6/training_01073.jpg;6
face_detect_module/6/training_01074.jpg;6
face_detect_module/6/training_01075.jpg;6
face_detect_module/6/training_01076.jpg;6
face_detect_module/6/training_01077.jpg;6
face_detect_module/6/training_01078.jpg;6
face_detect_module/6/training_01079.jpg;6
face_detect_module/6/training_01080.jpg;6
face_detect_module/6/training_01081.jpg;6
face_detect_module/6/training_01082.jpg;6
face_detect_module/6/training_01083.jpg;6
face_detect_module/6/training_01084.jpg;6
face_detect_module/6/training_01085.jpg;6
face_detect_module/6/training_01086.jpg;6
face_detect_module/6/training_01087.jpg;6
face_detect_module/6/training_01088.jpg;6
face_detect_module/6/training_01089.jpg;6
face_detect_module/6/training_01090.jpg;6
face_detect_module/6/training_01091.jpg;6
face_detect_module/6/training_01092.jpg;6
face_detect_module/6/training_01093.jpg;6
face_detect_module/6/training_01094.jpg;6
face_detect_module/6/training_01095.jpg;6
face_detect_module/6/training_01097.jpg;6
face_detect_module/6/training_01098.jpg;6
face_detect_module/6/training_01099.jpg;6
face_detect_module/6/training_01100.jpg;6
face_detect_module/6/training_01101.jpg;6
face_detect_module/6/training_01102.jpg;6
face_detect_module/6/training_01103.jpg;6
face_detect_module/6/training_01104.jpg;6
face_detect_module/6/training_01105.jpg;6
face_detect_module/6/training_01106.jpg;6
face_detect_module/6/training_01107.jpg;6
face_detect_module/6/training_01108.jpg;6
face_detect_module/6/training_01109.jpg;6
face_detect_module/6/training_00947.jpg;6
face_detect_module/6/training_00948.jpg;6
face_detect_module/6/training_00949.jpg;6
face_detect_module/6/training_00950.jpg;6
face_detect_module/6/training_00951.jpg;6
face_detect_module/6/training_00952.jpg;6
face_detect_module/6/training_00953.jpg;6
face_detect_module/6/training_00954.jpg;6
face_detect_module/6/training_00955.jpg;6
face_detect_module/6/training_00957.jpg;6
face_detect_module/6/training_00958.jpg;6
face_detect_module/6/training_00959.jpg;6
face_detect_module/6/training_00960.jpg;6
face_detect_module/6/training_00961.jpg;6
face_detect_module/6/training_00962.jpg;6
face_detect_module/6/training_00963.jpg;6
face_detect_module/6/training_00964.jpg;6
face_detect_module/6/training_00965.jpg;6
face_detect_module/6/training_00966.jpg;6
face_detect_module/6/training_00967.jpg;6
face_detect_module/6/training_00968.jpg;6
face_detect_module/6/training_00969.jpg;6
face_detect_module/6/training_00970.jpg;6
face_detect_module/6/training_00971.jpg;6
face_detect_module/6/training_00972.jpg;6
face_detect_module/6/training_00973.jpg;6
face_detect_module/6/training_00974.jpg;6
face_detect_module/6/training_00975.jpg;6
face_detect_module/6/training_00976.jpg;6
face_detect_module/6/training_00977.jpg;6
face_detect_module/6/training_00978.jpg;6
face_detect_module/6/training_00979.jpg;6
face_detect_module/6/training_00980.jpg;6
face_detect_module/6/training_00981.jpg;6
face_detect_module/6/training_00982.jpg;6
face_detect_module/6/training_00983.jpg;6
face_detect_module/6/training_00984.jpg;6
face_detect_module/6/training_00986.jpg;6
face_detect_module/6/training_00987.jpg;6
face_detect_module/6/training_00988.jpg;6
face_detect_module/6/training_00989.jpg;6
face_detect_module/6/training_00990.jpg;6
face_detect_module/6/training_00991.jpg;6
face_detect_module/6/training_00992.jpg;6
face_detect_module/6/training_00993.jpg;6
face_detect_module/6/training_00994.jpg;6
face_detect_module/6/training_00995.jpg;6
face_detect_module/6/training_00996.jpg;6
face_detect_module/6/training_00997.jpg;6
face_detect_module/6/training_00998.jpg;6
face_detect_module/6/training_00999.jpg;6
face_detect_module/6/training_01000.jpg;6
face_detect_module/6/training_01001.jpg;6
face_detect_module/6/training_01002.jpg;6
face_detect_module/6/training_01003.jpg;6
face_detect_module/6/training_01004.jpg;6
face_detect_module/6/training_01005.jpg;6
face_detect_module/6/training_01006.jpg;6
face_detect_module/6/training_01007.jpg;6
face_detect_module/6/training_01008.jpg;6
face_detect_module/6/training_01009.jpg;6
face_detect_module/6/training_01010.jpg;6
face_detect_module/6/training_01011.jpg;6
face_detect_module/6/training_01012.jpg;6
face_detect_module/6/training_01013.jpg;6
face_detect_module/6/training_01014.jpg;6
face_detect_module/6/training_01015.jpg;6
face_detect_module/6/training_01016.jpg;6
face_detect_module/6/training_01017.jpg;6
face_detect_module/6/training_01018.jpg;6
face_detect_module/6/training_01019.jpg;6
face_detect_module/6/training_01020.jpg;6
face_detect_module/6/training_01022.jpg;6
face_detect_module/6/training_01023.jpg;6
face_detect_module/6/training_01024.jpg;6
face_detect_module/6/training_01025.jpg;6
face_detect_module/6/training_01026.jpg;6
face_detect_module/6/training_01027.jpg;6
face_detect_module/6/training_01028.jpg;6
face_detect_module/6/training_01029.jpg;6
face_detect_module/6/training_01030.jpg;6
face_detect_module/6/training_01031.jpg;6
face_detect_module/6/training_01032.jpg;6
face_detect_module/6/training_01033.jpg;6
face_detect_module/6/training_01034.jpg;6
face_detect_module/6/training_01035.jpg;6
face_detect_module/6/training_01036.jpg;6
face_detect_module/6/training_01037.jpg;6
face_detect_module/6/training_01038.jpg;6
face_detect_module/6/training_01039.jpg;6
face_detect_module/6/training_01040.jpg;6
face_detect_module/6/training_01041.jpg;6
face_detect_module/6/training_01042.jpg;6
face_detect_module/6/training_01043.jpg;6
face_detect_module/6/training_01044.jpg;6
face_detect_module/6/training_01045.jpg;6
face_detect_module/6/training_01046.jpg;6
face_detect_module/6/training_01047.jpg;6
face_detect_module/6/training_01048.jpg;6
face_detect_module/6/training_01049.jpg;6
face_detect_module/6/training_01050.jpg;6
face_detect_module/6/training_01051.jpg;6
face_detect_module/6/training_01052.jpg;6
face_detect_module/6/training_01053.jpg;6
face_detect_module/6/training_01054.jpg;6
face_detect_module/6/training_01055.jpg;6
face_detect_module/6/training_01056.jpg;6
face_detect_module/6/training_01057.jpg;6
face_detect_module/6/training_01058.jpg;6
face_detect_module/6/training_01059.jpg;6
face_detect_module/6/training_01060.jpg;6
face_detect_module/7/training_01228.jpg;7
face_detect_module/7/training_01230.jpg;7
face_detect_module/7/training_01231.jpg;7
face_detect_module/7/training_01232.jpg;7
face_detect_module/7/training_01233.jpg;7
face_detect_module/7/training_01234.jpg;7
face_detect_module/7/training_01235.jpg;7
face_detect_module/7/training_01236.jpg;7
face_detect_module/7/training_01237.jpg;7
face_detect_module/7/training_01238.jpg;7
face_detect_module/7/training_01239.jpg;7
face_detect_module/7/training_01240.jpg;7
face_detect_module/7/training_01241.jpg;7
face_detect_module/7/training_01242.jpg;7
face_detect_module/7/training_01243.jpg;7
face_detect_module/7/training_01244.jpg;7
face_detect_module/7/training_01245.jpg;7
face_detect_module/7/training_01246.jpg;7
face_detect_module/7/training_01247.jpg;7
face_detect_module/7/training_01248.jpg;7
face_detect_module/7/training_01249.jpg;7
face_detect_module/7/training_01250.jpg;7
face_detect_module/7/training_01251.jpg;7
face_detect_module/7/training_01252.jpg;7
face_detect_module/7/training_01253.jpg;7
face_detect_module/7/training_01254.jpg;7
face_detect_module/7/training_01255.jpg;7
face_detect_module/7/training_01256.jpg;7
face_detect_module/7/training_01257.jpg;7
face_detect_module/7/training_01258.jpg;7
face_detect_module/7/training_01259.jpg;7
face_detect_module/7/training_01260.jpg;7
face_detect_module/7/training_01262.jpg;7
face_detect_module/7/training_01263.jpg;7
face_detect_module/7/training_01264.jpg;7
face_detect_module/7/training_01265.jpg;7
face_detect_module/7/training_01266.jpg;7
face_detect_module/7/training_01267.jpg;7
face_detect_module/7/training_01268.jpg;7
face_detect_module/7/training_01114.jpg;7
face_detect_module/7/training_01115.jpg;7
face_detect_module/7/training_01116.jpg;7
face_detect_module/7/training_01117.jpg;7
face_detect_module/7/training_01118.jpg;7
face_detect_module/7/training_01119.jpg;7
face_detect_module/7/training_01120.jpg;7
face_detect_module/7/training_01121.jpg;7
face_detect_module/7/training_01122.jpg;7
face_detect_module/7/training_01123.jpg;7
face_detect_module/7/training_01124.jpg;7
face_detect_module/7/training_01125.jpg;7
face_detect_module/7/training_01126.jpg;7
face_detect_module/7/training_01127.jpg;7
face_detect_module/7/training_01128.jpg;7
face_detect_module/7/training_01129.jpg;7
face_detect_module/7/training_01130.jpg;7
face_detect_module/7/training_01131.jpg;7
face_detect_module/7/training_01132.jpg;7
face_detect_module/7/training_01133.jpg;7
face_detect_module/7/training_01134.jpg;7
face_detect_module/7/training_01136.jpg;7
face_detect_module/7/training_01137.jpg;7
face_detect_module/7/training_01138.jpg;7
face_detect_module/7/training_01139.jpg;7
face_detect_module/7/training_01140.jpg;7
face_detect_module/7/training_01141.jpg;7
face_detect_module/7/training_01142.jpg;7
face_detect_module/7/training_01143.jpg;7
face_detect_module/7/training_01144.jpg;7
face_detect_module/7/training_01145.jpg;7
face_detect_module/7/training_01146.jpg;7
face_detect_module/7/training_01147.jpg;7
face_detect_module/7/training_01148.jpg;7
face_detect_module/7/training_01149.jpg;7
face_detect_module/7/training_01150.jpg;7
face_detect_module/7/training_01151.jpg;7
face_detect_module/7/training_01152.jpg;7
face_detect_module/7/training_01154.jpg;7
face_detect_module/7/training_01155.jpg;7
face_detect_module/7/training_01157.jpg;7
face_detect_module/7/training_01158.jpg;7
face_detect_module/7/training_01159.jpg;7
face_detect_module/7/training_01160.jpg;7
face_detect_module/7/training_01161.jpg;7
face_detect_module/7/training_01162.jpg;7
face_detect_module/7/training_01163.jpg;7
face_detect_module/7/training_01164.jpg;7
face_detect_module/7/training_01165.jpg;7
face_detect_module/7/training_01166.jpg;7
face_detect_module/7/training_01167.jpg;7
face_detect_module/7/training_01168.jpg;7
face_detect_module/7/training_01169.jpg;7
face_detect_module/7/training_01170.jpg;7
face_detect_module/7/training_01171.jpg;7
face_detect_module/7/training_01172.jpg;7
face_detect_module/7/training_01173.jpg;7
face_detect_module/7/training_01174.jpg;7
face_detect_module/7/training_01175.jpg;7
face_detect_module/7/training_01176.jpg;7
face_detect_module/7/training_01177.jpg;7
face_detect_module/7/training_01178.jpg;7
face_detect_module/7/training_01179.jpg;7
face_detect_module/7/training_01180.jpg;7
face_detect_module/7/training_01181.jpg;7
face_detect_module/7/training_01182.jpg;7
face_detect_module/7/training_01183.jpg;7
face_detect_module/7/training_01184.jpg;7
face_detect_module/7/training_01185.jpg;7
face_detect_module/7/training_01186.jpg;7
face_detect_module/7/training_01187.jpg;7
face_detect_module/7/training_01188.jpg;7
face_detect_module/7/training_01189.jpg;7
face_detect_module/7/training_01190.jpg;7
face_detect_module/7/training_01191.jpg;7
face_detect_module/7/training_01192.jpg;7
face_detect_module/7/training_01193.jpg;7
face_detect_module/7/training_01194.jpg;7
face_detect_module/7/training_01195.jpg;7
face_detect_module/7/training_01196.jpg;7
face_detect_module/7/training_01197.jpg;7
face_detect_module/7/training_01198.jpg;7
face_detect_module/7/training_01199.jpg;7
face_detect_module/7/training_01200.jpg;7
face_detect_module/7/training_01201.jpg;7
face_detect_module/7/training_01202.jpg;7
face_detect_module/7/training_01203.jpg;7
face_detect_module/7/training_01204.jpg;7
face_detect_module/7/training_01205.jpg;7
face_detect_module/7/training_01206.jpg;7
face_detect_module/7/training_01207.jpg;7
face_detect_module/7/training_01208.jpg;7
face_detect_module/7/training_01209.jpg;7
face_detect_module/7/training_01210.jpg;7
face_detect_module/7/training_01211.jpg;7
face_detect_module/7/training_01212.jpg;7
face_detect_module/7/training_01213.jpg;7
face_detect_module/7/training_01214.jpg;7
face_detect_module/7/training_01215.jpg;7
face_detect_module/7/training_01216.jpg;7
face_detect_module/7/training_01217.jpg;7
face_detect_module/7/training_01218.jpg;7
face_detect_module/7/training_01219.jpg;7
face_detect_module/7/training_01220.jpg;7
face_detect_module/7/training_01221.jpg;7
face_detect_module/7/training_01222.jpg;7
face_detect_module/7/training_01223.jpg;7
face_detect_module/7/training_01224.jpg;7
face_detect_module/7/training_01225.jpg;7
face_detect_module/7/training_01226.jpg;7
face_detect_module/7/training_01227.jpg;7
face_detect_module/8/training_01284.jpg;8
face_detect_module/8/training_01285.jpg;8
face_detect_module/8/training_01286.jpg;8
face_detect_module/8/training_01287.jpg;8
face_detect_module/8/training_01288.jpg;8
face_detect_module/8/training_01289.jpg;8
face_detect_module/8/training_01290.jpg;8
face_detect_module/8/training_01291.jpg;8
face_detect_module/8/training_01292.jpg;8
face_detect_module/8/training_01293.jpg;8
face_detect_module/8/training_01294.jpg;8
face_detect_module/8/training_01295.jpg;8
face_detect_module/8/training_01296.jpg;8
face_detect_module/8/training_01297.jpg;8
face_detect_module/8/training_01298.jpg;8
face_detect_module/8/training_01299.jpg;8
face_detect_module/8/training_01300.jpg;8
face_detect_module/8/training_01301.jpg;8
face_detect_module/8/training_01302.jpg;8
face_detect_module/8/training_01303.jpg;8
face_detect_module/8/training_01304.jpg;8
face_detect_module/8/training_01305.jpg;8
face_detect_module/8/training_01306.jpg;8
face_detect_module/8/training_01307.jpg;8
face_detect_module/8/training_01308.jpg;8
face_detect_module/8/training_01309.jpg;8
face_detect_module/8/training_01310.jpg;8
face_detect_module/8/training_01311.jpg;8
face_detect_module/8/training_01319.jpg;8
face_detect_module/8/training_01320.jpg;8
face_detect_module/8/training_01321.jpg;8
face_detect_module/8/training_01322.jpg;8
face_detect_module/8/training_01323.jpg;8
face_detect_module/8/training_01324.jpg;8
face_detect_module/8/training_01325.jpg;8
face_detect_module/8/training_01326.jpg;8
face_detect_module/8/training_01327.jpg;8
face_detect_module/8/training_01328.jpg;8
face_detect_module/8/training_01329.jpg;8
face_detect_module/8/training_01330.jpg;8
face_detect_module/8/training_01331.jpg;8
face_detect_module/8/training_01332.jpg;8
face_detect_module/8/training_01333.jpg;8
face_detect_module/8/training_01334.jpg;8
face_detect_module/8/training_01335.jpg;8
face_detect_module/8/training_01336.jpg;8
face_detect_module/8/training_01337.jpg;8
face_detect_module/8/training_01338.jpg;8
face_detect_module/8/training_01339.jpg;8
face_detect_module/8/training_01340.jpg;8
face_detect_module/8/training_01341.jpg;8
face_detect_module/8/training_01342.jpg;8
face_detect_module/8/training_01343.jpg;8
face_detect_module/8/training_01344.jpg;8
face_detect_module/8/training_01345.jpg;8
face_detect_module/8/training_01346.jpg;8
face_detect_module/8/training_01347.jpg;8
face_detect_module/8/training_01348.jpg;8
face_detect_module/8/training_01349.jpg;8
face_detect_module/8/training_01350.jpg;8
face_detect_module/8/training_01351.jpg;8
face_detect_module/8/training_01352.jpg;8
face_detect_module/8/training_01353.jpg;8
face_detect_module/8/training_01354.jpg;8
face_detect_module/8/training_01355.jpg;8
face_detect_module/8/training_01356.jpg;8
face_detect_module/8/training_01357.jpg;8
face_detect_module/8/training_01358.jpg;8
face_detect_module/8/training_01359.jpg;8
face_detect_module/8/training_01360.jpg;8
face_detect_module/8/training_01361.jpg;8
face_detect_module/8/training_01362.jpg;8
face_detect_module/8/training_01363.jpg;8
face_detect_module/8/training_01364.jpg;8
face_detect_module/8/training_01365.jpg;8
face_detect_module/8/training_01366.jpg;8
face_detect_module/8/training_01367.jpg;8
face_detect_module/8/training_01370.jpg;8
face_detect_module/8/training_01371.jpg;8
face_detect_module/8/training_01372.jpg;8
face_detect_module/8/training_01373.jpg;8
face_detect_module/8/training_01374.jpg;8
face_detect_module/8/training_01375.jpg;8
face_detect_module/8/training_01376.jpg;8
face_detect_module/8/training_01377.jpg;8
face_detect_module/8/training_01378.jpg;8
face_detect_module/8/training_01379.jpg;8
face_detect_module/8/training_01380.jpg;8
face_detect_module/8/training_01382.jpg;8
face_detect_module/8/training_01383.jpg;8
face_detect_module/8/training_01384.jpg;8
face_detect_module/8/training_01385.jpg;8
face_detect_module/8/training_01386.jpg;8
face_detect_module/8/training_01387.jpg;8
face_detect_module/8/training_01388.jpg;8
face_detect_module/8/training_01389.jpg;8
face_detect_module/8/training_01390.jpg;8
face_detect_module/8/training_01391.jpg;8
face_detect_module/8/training_01392.jpg;8
face_detect_module/8/training_01393.jpg;8
face_detect_module/8/training_01395.jpg;8
face_detect_module/8/training_01396.jpg;8
face_detect_module/8/training_01397.jpg;8
face_detect_module/8/training_01401.jpg;8
face_detect_module/8/training_01402.jpg;8
face_detect_module/9/training_01398.jpg;9
face_detect_module/9/training_01399.jpg;9
face_detect_module/9/training_01400.jpg;9
face_detect_module/9/training_01404.jpg;9
face_detect_module/9/training_01408.jpg;9
face_detect_module/9/training_01413.jpg;9
face_detect_module/9/training_01414.jpg;9
face_detect_module/9/training_01415.jpg;9
face_detect_module/9/training_01416.jpg;9
face_detect_module/9/training_01417.jpg;9
face_detect_module/9/training_01418.jpg;9
face_detect_module/9/training_01419.jpg;9
face_detect_module/9/training_01420.jpg;9
face_detect_module/9/training_01421.jpg;9
face_detect_module/9/training_01422.jpg;9
face_detect_module/9/training_01423.jpg;9
face_detect_module/9/training_01424.jpg;9
face_detect_module/9/training_01425.jpg;9
face_detect_module/9/training_01426.jpg;9
face_detect_module/9/training_01427.jpg;9
face_detect_module/9/training_01428.jpg;9
face_detect_module/9/training_01430.jpg;9
face_detect_module/9/training_01431.jpg;9
face_detect_module/9/training_01432.jpg;9
face_detect_module/9/training_01433.jpg;9
face_detect_module/9/training_01434.jpg;9
face_detect_module/9/training_01435.jpg;9
face_detect_module/9/training_01436.jpg;9
face_detect_module/9/training_01437.jpg;9
face_detect_module/9/training_01438.jpg;9
face_detect_module/9/training_01439.jpg;9
face_detect_module/9/training_01440.jpg;9
face_detect_module/9/training_01441.jpg;9
face_detect_module/9/training_01442.jpg;9
face_detect_module/9/training_01443.jpg;9
face_detect_module/9/training_01444.jpg;9
face_detect_module/9/training_01445.jpg;9
face_detect_module/9/training_01446.jpg;9
face_detect_module/9/training_01447.jpg;9
face_detect_module/9/training_01448.jpg;9
face_detect_module/9/training_01449.jpg;9
face_detect_module/9/training_01450.jpg;9
face_detect_module/9/training_01451.jpg;9
face_detect_module/9/training_01452.jpg;9
face_detect_module/9/training_01453.jpg;9
face_detect_module/9/training_01454.jpg;9
face_detect_module/9/training_01455.jpg;9
face_detect_module/9/training_01456.jpg;9
face_detect_module/9/training_01457.jpg;9
face_detect_module/9/training_01458.jpg;9
face_detect_module/9/training_01459.jpg;9
face_detect_module/9/training_01460.jpg;9
face_detect_module/9/training_01461.jpg;9
face_detect_module/9/training_01462.jpg;9
face_detect_module/9/training_01463.jpg;9
face_detect_module/9/training_01464.jpg;9
face_detect_module/9/training_01465.jpg;9
face_detect_module/9/training_01466.jpg;9
face_detect_module/9/training_01467.jpg;9
face_detect_module/9/training_01468.jpg;9
face_detect_module/9/training_01469.jpg;9
face_detect_module/9/training_01470.jpg;9
face_detect_module/9/training_01471.jpg;9
face_detect_module/9/training_01472.jpg;9
face_detect_module/9/training_01473.jpg;9
face_detect_module/9/training_01474.jpg;9
face_detect_module/9/training_01475.jpg;9
face_detect_module/9/training_01476.jpg;9
face_detect_module/9/training_01477.jpg;9
face_detect_module/9/training_01478.jpg;9
face_detect_module/9/training_01479.jpg;9
face_detect_module/9/training_01480.jpg;9
face_detect_module/9/training_01481.jpg;9
face_detect_module/9/training_01482.jpg;9
face_detect_module/9/training_01483.jpg;9
face_detect_module/9/training_01484.jpg;9
face_detect_module/9/training_01485.jpg;9
face_detect_module/9/training_01486.jpg;9
face_detect_module/9/training_01487.jpg;9
face_detect_module/9/training_01488.jpg;9
face_detect_module/9/training_01489.jpg;9
face_detect_module/9/training_01490.jpg;9
face_detect_module/9/training_01491.jpg;9
face_detect_module/9/training_01492.jpg;9
face_detect_module/9/training_01493.jpg;9
face_detect_module/9/training_01494.jpg;9
face_detect_module/9/training_01495.jpg;9
face_detect_module/9/training_01496.jpg;9
face_detect_module/9/training_01497.jpg;9
face_detect_module/9/training_01498.jpg;9
face_detect_module/9/training_01499.jpg;9
face_detect_module/9/training_01500.jpg;9
face_detect_module/9/training_01501.jpg;9
